h0,h1,1
h0,h2,2
h0,h3,3
h0,h4,4
h0,h5,5
h0,h6,6
h0,h7,7
h0,h8,8
h0,h9,9
h0,h10,10
h0,h11,11
h0,h12,12
h0,h13,13
h0,h14,14
h0,h15,15
h1,h0,1000
h1,h2,1002
h1,h3,1003
h1,h4,1004
h1,h5,1005
h1,h6,1006
h1,h7,1007
h1,h8,1008
h1,h9,1009
h1,h10,1010
h1,h11,1011
h1,h12,1012
h1,h13,1013
h1,h14,1014
h1,h15,1015
h2,h0,2000
h2,h1,2001
h2,h3,2003
h2,h4,2004
h2,h5,2005
h2,h6,2006
h2,h7,2007
h2,h8,2008
h2,h9,2009
h2,h10,2010
h2,h11,2011
h2,h12,2012
h2,h13,2013
h2,h14,2014
h2,h15,2015
h3,h0,3000
h3,h1,3001
h3,h2,3002
h3,h4,3004
h3,h5,3005
h3,h6,3006
h3,h7,3007
h3,h8,3008
h3,h9,3009
h3,h10,3010
h3,h11,3011
h3,h12,3012
h3,h13,3013
h3,h14,3014
h3,h15,3015
h4,h0,4000
h4,h1,4001
h4,h2,4002
h4,h3,4003
h4,h5,4005
h4,h6,4006
h4,h7,4007
h4,h8,4008
h4,h9,4009
h4,h10,4010
h4,h11,4011
h4,h12,4012
h4,h13,4013
h4,h14,4014
h4,h15,4015
h5,h0,5000
h5,h1,5001
h5,h2,5002
h5,h3,5003
h5,h4,5004
h5,h6,5006
h5,h7,5007
h5,h8,5008
h5,h9,5009
h5,h10,5010
h5,h11,5011
h5,h12,5012
h5,h13,5013
h5,h14,5014
h5,h15,5015
h6,h0,6000
h6,h1,6001
h6,h2,6002
h6,h3,6003
h6,h4,6004
h6,h5,6005
h6,h7,6007
h6,h8,6008
h6,h9,6009
h6,h10,6010
h6,h11,6011
h6,h12,6012
h6,h13,6013
h6,h14,6014
h6,h15,6015
h7,h0,7000
h7,h1,7001
h7,h2,7002
h7,h3,7003
h7,h4,7004
h7,h5,7005
h7,h6,7006
h7,h8,7008
h7,h9,7009
h7,h10,7010
h7,h11,7011
h7,h12,7012
h7,h13,7013
h7,h14,7014
h7,h15,7015
h8,h0,8000
h8,h1,8001
h8,h2,8002
h8,h3,8003
h8,h4,8004
h8,h5,8005
h8,h6,8006
h8,h7,8007
h8,h9,8009
h8,h10,8010
h8,h11,8011
h8,h12,8012
h8,h13,8013
h8,h14,8014
h8,h15,8015
h9,h0,9000
h9,h1,9001
h9,h2,9002
h9,h3,9003
h9,h4,9004
h9,h5,9005
h9,h6,9006
h9,h7,9007
h9,h8,9008
h9,h10,9010
h9,h11,9011
h9,h12,9012
h9,h13,9013
h9,h14,9014
h9,h15,9015
h10,h0,10000
h10,h1,10001
h10,h2,10002
h10,h3,10003
h10,h4,10004
h10,h5,10005
h10,h6,10006
h10,h7,10007
h10,h8,10008
h10,h9,10009
h10,h11,10011
h10,h12,10012
h10,h13,10013
h10,h14,10014
h10,h15,10015
h11,h0,11000
h11,h1,11001
h11,h2,11002
h11,h3,11003
h11,h4,11004
h11,h5,11005
h11,h6,11006
h11,h7,11007
h11,h8,11008
h11,h9,11009
h11,h10,11010
h11,h12,11012
h11,h13,11013
h11,h14,11014
h11,h15,11015
h12,h0,12000
h12,h1,12001
h12,h2,12002
h12,h3,12003
h12,h4,12004
h12,h5,12005
h12,h6,12006
h12,h7,12007
h12,h8,12008
h12,h9,12009
h12,h10,12010
h12,h11,12011
h12,h13,12013
h12,h14,12014
h12,h15,12015
h13,h0,13000
h13,h1,13001
h13,h2,13002
h13,h3,13003
h13,h4,13004
h13,h5,13005
h13,h6,13006
h13,h7,13007
h13,h8,13008
h13,h9,13009
h13,h10,13010
h13,h11,13011
h13,h12,13012
h13,h14,13014
h13,h15,13015
h14,h0,14000
h14,h1,14001
h14,h2,14002
h14,h3,14003
h14,h4,14004
h14,h5,14005
h14,h6,14006
h14,h7,14007
h14,h8,14008
h14,h9,14009
h14,h10,14010
h14,h11,14011
h14,h12,14012
h14,h13,14013
h14,h15,14015
h15,h0,15000
h15,h1,15001
h15,h2,15002
h15,h3,15003
h15,h4,15004
h15,h5,15005
h15,h6,15006
h15,h7,15007
h15,h8,15008
h15,h9,15009
h15,h10,15010
h15,h11,15011
h15,h12,15012
h15,h13,15013
h15,h14,15014
